{"cameraMode":{"drawMode":0,"name":"Shaded","section":"Shading Mode"},"sceneLighting":false,"audioPlay":false,"sceneViewState":{"showFog":true,"showMaterialUpdate":false,"showSkybox":true,"showFlares":true,"showImageEffects":true,"showParticleSystems":true},"in2DMode":false,"pivot":{"x":7.398799419403076,"y":0.48254942893981936,"z":-2.7036290168762209},"rotation":{"x":0.21647365391254426,"y":-0.19757641851902009,"z":0.044783029705286029,"w":0.9550378322601318},"size":11.576149940490723,"orthographic":false}