{"cameraMode":{"drawMode":0,"name":"Shaded","section":"Shading Mode"},"sceneLighting":false,"audioPlay":false,"sceneViewState":{"showFog":true,"showMaterialUpdate":false,"showSkybox":true,"showFlares":true,"showImageEffects":true,"showParticleSystems":true},"in2DMode":false,"pivot":{"x":1.8299999237060547,"y":0.0,"z":-7.210000038146973},"rotation":{"x":0.21647365391254426,"y":-0.19757641851902009,"z":0.044783029705286029,"w":0.9550378322601318},"size":9.413742065429688,"orthographic":false}