{"cameraMode":{"drawMode":0,"name":"Shaded","section":"Shading Mode"},"sceneLighting":false,"audioPlay":false,"sceneViewState":{"showFog":true,"showMaterialUpdate":false,"showSkybox":true,"showFlares":true,"showImageEffects":true,"showParticleSystems":true},"in2DMode":false,"pivot":{"x":8.5,"y":0.09999999403953552,"z":-6.800000190734863},"rotation":{"x":-0.3186349868774414,"y":0.010518807917833329,"z":-0.0035361801274120809,"w":-0.947812557220459},"size":2.458444118499756,"orthographic":false}