{"cameraMode":{"drawMode":0,"name":"Shaded","section":"Shading Mode"},"sceneLighting":false,"audioPlay":false,"sceneViewState":{"showFog":true,"showMaterialUpdate":false,"showSkybox":true,"showFlares":true,"showImageEffects":true,"showParticleSystems":true},"in2DMode":false,"pivot":{"x":6.965909957885742,"y":-0.008254051208496094,"z":-7.7371110916137699},"rotation":{"x":0.18151548504829408,"y":-0.4022830128669739,"z":0.08171381056308747,"w":0.8936125636100769},"size":5.0256452560424809,"orthographic":false}