{"cameraMode":{"drawMode":0,"name":"Shaded","section":"Shading Mode"},"sceneLighting":false,"audioPlay":false,"sceneViewState":{"showFog":true,"showMaterialUpdate":false,"showSkybox":true,"showFlares":true,"showImageEffects":true,"showParticleSystems":true},"in2DMode":false,"pivot":{"x":8.520000457763672,"y":6.977196216583252,"z":-20.130001068115236},"rotation":{"x":0.18151548504829408,"y":-0.4022830128669739,"z":0.08171381056308747,"w":0.8936125636100769},"size":30.977312088012697,"orthographic":false}