{"cameraMode":{"drawMode":0,"name":"Shaded","section":"Shading Mode"},"sceneLighting":true,"audioPlay":false,"sceneViewState":{"showFog":true,"showMaterialUpdate":false,"showSkybox":true,"showFlares":true,"showImageEffects":true,"showParticleSystems":true},"in2DMode":false,"pivot":{"x":8.885688781738282,"y":4.818844318389893,"z":-6.0019989013671879},"rotation":{"x":-0.1624598652124405,"y":0.6881909370422363,"z":-0.1624598503112793,"w":-0.6881910562515259},"size":1.4289418458938599,"orthographic":false}